Distribution,DP,GCV,LC,LR,OR,SNR
BLNR1000,1.6194331983805668,60.32388663967612,1.214574898785425,87.04453441295547,91.09311740890689,1000
BLNR300,2.42914979757085,27.530364372469634,4.4534412955465585,70.8502024291498,83.80566801619433,300
BLNR50,2.0242914979757085,2.834008097165992,8.906882591093117,52.226720647773284,48.987854251012145,50
NLBR1000,3.5999999999999996,75.6,7.6,97.2,98.8,1000
NLBR300,4.3999999999999995,8.4,11.200000000000001,70.0,97.2,300
NLBR50,2.4096385542168677,2.8112449799196786,15.66265060240964,46.98795180722892,52.610441767068274,50
